{
  "id": "1929794",
  "name": "jsh-app",
  "font_family": "iconfont",
  "css_prefix_text": "icon",
  "description": "巨商汇APP",
  "glyphs": [
    {
      "icon_id": "15989881",
      "name": "local",
      "font_class": "local",
      "unicode": "e60e",
      "unicode_decimal": 58894
    },
    {
      "icon_id": "15989831",
      "name": "money",
      "font_class": "money",
      "unicode": "e60b",
      "unicode_decimal": 58891
    },
    {
      "icon_id": "15989832",
      "name": "car",
      "font_class": "car",
      "unicode": "e60d",
      "unicode_decimal": 58893
    },
    {
      "icon_id": "15985505",
      "name": "tree",
      "font_class": "tree",
      "unicode": "e609",
      "unicode_decimal": 58889
    },
    {
      "icon_id": "15985506",
      "name": "cancel",
      "font_class": "cancel",
      "unicode": "e60a",
      "unicode_decimal": 58890
    },
    {
      "icon_id": "15949782",
      "name": "cross",
      "font_class": "cross",
      "unicode": "e603",
      "unicode_decimal": 58883
    },
    {
      "icon_id": "15949783",
      "name": "tick",
      "font_class": "tick",
      "unicode": "e604",
      "unicode_decimal": 58884
    },
    {
      "icon_id": "11641897",
      "name": "筛选",
      "font_class": "shaixuan",
      "unicode": "e621",
      "unicode_decimal": 58913
    },
    {
      "icon_id": "12897853",
      "name": "排序",
      "font_class": "paixu-",
      "unicode": "e615",
      "unicode_decimal": 58901
    },
    {
      "icon_id": "959407",
      "name": "radio",
      "font_class": "radio",
      "unicode": "e653",
      "unicode_decimal": 58963
    },
    {
      "icon_id": "6242438",
      "name": "radio",
      "font_class": "radio1",
      "unicode": "e7c9",
      "unicode_decimal": 59337
    },
    {
      "icon_id": "6988499",
      "name": "check-box-outline-bl",
      "font_class": "check-box-outline-bl",
      "unicode": "ec58",
      "unicode_decimal": 60504
    },
    {
      "icon_id": "7826095",
      "name": "check_box",
      "font_class": "baseline-check_box-px",
      "unicode": "e616",
      "unicode_decimal": 58902
    },
    {
      "icon_id": "611346",
      "name": "收藏",
      "font_class": "icon3",
      "unicode": "e62b",
      "unicode_decimal": 58923
    },
    {
      "icon_id": "728996",
      "name": "眼睛",
      "font_class": "yanjing",
      "unicode": "e60c",
      "unicode_decimal": 58892
    },
    {
      "icon_id": "1526209",
      "name": "下",
      "font_class": "xia",
      "unicode": "e62f",
      "unicode_decimal": 58927
    },
    {
      "icon_id": "1546589",
      "name": "收藏",
      "font_class": "shoucang",
      "unicode": "e696",
      "unicode_decimal": 59030
    },
    {
      "icon_id": "1597923",
      "name": "闭眼",
      "font_class": "biyan",
      "unicode": "e6ba",
      "unicode_decimal": 59066
    },
    {
      "icon_id": "2180841",
      "name": "提交,成功,对号",
      "font_class": "tijiao",
      "unicode": "e617",
      "unicode_decimal": 58903
    },
    {
      "icon_id": "2507442",
      "name": "右",
      "font_class": "you",
      "unicode": "e648",
      "unicode_decimal": 58952
    },
    {
      "icon_id": "5270852",
      "name": "收 藏-产品详情",
      "font_class": "shoucang1",
      "unicode": "e613",
      "unicode_decimal": 58899
    },
    {
      "icon_id": "10026290",
      "name": "购物车",
      "font_class": "gouwuchezhengpin",
      "unicode": "e610",
      "unicode_decimal": 58896
    },
    {
      "icon_id": "14112850",
      "name": "对",
      "font_class": "dui",
      "unicode": "e63e",
      "unicode_decimal": 58942
    },
    {
      "icon_id": "14478390",
      "name": "关  闭",
      "font_class": "guanbi",
      "unicode": "e61a",
      "unicode_decimal": 58906
    },
    {
      "icon_id": "10905628",
      "name": "微信",
      "font_class": "weixin",
      "unicode": "e630",
      "unicode_decimal": 58928
    }
  ]
}
