{
  "pages": [
    //pages数组中第一项表示应用启动页，参考：https://uniapp.dcloud.io/collocation/pages
    {
      "path": "pages/nav/nav",
      "style": {
        "navigationBarTitleText": "导航"
      }
    },
    {
      "path": "pages/index/index",
      "style": {
        "navigationBarTitleText": "首页"
      }
    },
    {
      "path": "pages/login/login/login",
      "style": {
        "navigationBarTitleText": "登录"
      }
    },
    {
      "path": "pages/goods/goodsList",
      "style": {
        "navigationBarTitleText": "商品列表"
      }
    },
    {
      "path": "pages/shoppingCart/shoppingCart",
      "style": {
        "navigationBarTitleText": "购物车"
      }
    },
    {
      "path": "pages/shoppingCart/orderConfirm",
      "style": {
        "navigationBarTitleText": "订单确认"
      }
    },
    {
      "path": "pages/shoppingCart/orderConfirmRemarks",
      "style": {
        "navigationBarTitleText": "备注"
      }
    },
    {
      "path": "pages/productDetail/productDetail",
      "style": {
        "navigationBarTitleText": "产品详情"
      }
    },
    {
      "path": "pages/category/category",
      "style": {
        "navigationBarTitleText": "分类"
      }
    },
    {
      "path": "pages/market/marketList",
      "style": {
        "navigationBarTitleText": "营销活动"
      }
    },
    {
      "path": "pages/market/marketDetail",
      "style": {
        "navigationBarTitleText": "营销活动详情"
      }
    },
    {
      "path": "pages/orderList/orderList",
      "style": {
        "navigationBarTitleText": "订单列表"
      }
    },
    {
      "path": "pages/orderList/orderDetail",
      "style": {
        "navigationBarTitleText": "订单详情",
        "navigationBarBackgroundColor": "#ED2856",
        "navigationBarTextStyle": "white"
      }
    },
    {
      "path": "pages/messageInfoList/messageInfoList",
      "style": {
        "navigationBarTitleText": "消息列表"

      }

    },
    {
      "path": "pages/messageInfoList/messageInfoListDetail",
      "style": {
        "navigationBarTitleText": "消息详情列表"

      }

    },
    {
      "path": "pages/mine/myBaseInfo",
      "style": {
        "navigationBarTitleText": "基本信息",
        "navigationBarBackgroundColor": "#ffffff"
      }

    },
    {
      "path": "pages/mine/mySignInfo",
      "style": {
        "navigationBarTitleText": "签约信息",
        "navigationBarBackgroundColor": "#ffffff"
      }

    }

  ],
  "globalStyle": {
    "navigationBarTextStyle": "black",
    "navigationBarTitleText": "",
    "navigationBarBackgroundColor": "#F8F8F8",
    "backgroundColor": "#F8F8F8"
  },
  "mp-alipay": {
    "gestureBack": "YES"
  }
}
